order,run_id,priority,experiment,implementation,branch,commit,distribution,runtime_seconds,io_size_per_job,total_io_size_gib,working_set_gib,seed,selected_attempt,host_page_writes,gc_page_writes,nand_page_writes,waf,gc_count,gc_per_1m_host_pages,avg_gc_copy,avg_victim_invalid_ratio,reclaim_pages_per_gc,iops,fio_io_bytes,fio_runtime_ms,avg_latency_ns,p99_clat_ns,p999_clat_ns,p9999_clat_ns,counter_invariant,hot_victim_count,cold_victim_count,hot_victim_invalid_ratio,cold_victim_invalid_ratio,borrowing_count,final_hot_lines,final_cold_lines,final_hot_ownership_ratio,opposite_normal_gc_count,opposite_forced_gc_count,global_emergency_fallback_count,emergency_gc_count,pool_ownership_invariant,code,raw_stats_path,stats_sha256,version,hot_pool_percent,initial_hot_lines,initial_cold_lines,frequency_window_writes,hot_writes_per_window,cold_writes_per_window,erase_event_threshold,host_write_seq,block_erases,average_gc_copy,host_hot_writes,host_cold_writes,hot_write_ratio,host_cold_low_frequency_writes,host_hot_high_frequency_writes,host_hot_erase_signal_writes,host_cold_erase_signal_writes,mid_frequency_erase_events_zero,mid_frequency_erase_events_one,mid_frequency_erase_events_two,mid_frequency_erase_events_three_plus,gc_hot_writes,gc_cold_writes,cold_to_hot_count,hot_to_cold_count,hot_pool_empty_count,cold_pool_empty_count,borrow_count,victim_invalid_ratio,gc_pages_per_host_page,host_gib,free_page_balance_delta,raw_counter_check,host_hot_percent,manifest_check,source_hash_check,fio_source,fio_version,fio_bytes_check,raw_fio_path,fio_sha256,fio_settings_sha256,current_hot_lines,current_cold_lines,hot_victim_gc_count,cold_victim_gc_count,hot_victim_gc_page_copies,cold_victim_gc_page_copies,avg_hot_gc_copy,avg_cold_gc_copy,avg_hot_victim_invalid_ratio,avg_cold_victim_invalid_ratio,hot_victim_percent,cold_victim_percent,hot_invalid_percent,cold_invalid_percent,emergency_gc_per_1m,comparison_run,comparison_result_root
1,A1_zipf099_1800_global,1,A,V4 Global,hotcold/v4,032d29b83e3906593ef9f79e5d2739bdab27ef5e,zipf:0.99,1800,,,5,20260824,attempt_04,56301836,335651350,391953186,6.9616412864404635,23916,424.781884555239,14034.593995651447,0.14339636254882815,2349.4060043485533,7815.622295,230612320256,1800939,524040067.080379,2332033024,5804916736,12280922112,PASS,,,,,4,,,,,,,0,,A1,v4_validation_matrix_20260902_144410_KST/runs/A1_zipf099_1800_global/attempt_04/stats.txt,47563c926f5d05ab98a0269571a68ea71b3a6041a9e9a5905d4d6bd97be935d0,V4,20,25,103,4096,4,1,1,56301836,1530624,14034.593996,8695848,47605988,0.154451,47594428,2828536,5867312,11560,5867312,11560,0,0,3242564,332408786,4112188,4108412,0,4,4,0.14339636257010213,5.9616412864404635,214.7744598388672,-113442,PASS,15.44505227147477,PASS,PASS,RAW_JSON,fio-3.16,PASS,v4_validation_matrix_20260902_144410_KST/runs/A1_zipf099_1800_global/attempt_04/fio_raw.json,cdc8ba7e0209b7914dc8cb64248ed4e36e28c6ec1074b2e9f81931aed30a37a2,bc3e58494cb64b212fa8590d8efd91b914926a674fb5a579379575f30e4c47d0,,,,,,,,,,,,,,,,,
2,A2_zipf099_1800_classgc,1,A,V4 ClassGC,hotcold/v4-classgc,d067a64de2974949807a6a6652cf2a08a76d1c4c,zipf:0.99,1800,,,5,20260824,attempt_01,109656200,223717548,333373748,3.0401723568753978,20328,185.37939487233737,11005.389020070837,0.3282843615722656,5378.610979929163,15228.014296,449151795200,1800238,268929358.453957,2332033024,8153726976,17112760320,PASS,1290,19038,0.744452,0.300085,18,7,121,0.0546875,1290,0,0,18,PASS,A2,v4_validation_matrix_20260902_144410_KST/runs/A2_zipf099_1800_classgc/attempt_01/stats.txt,699e9059be1964c4ea5a20212e76797a4d403bdbfb4873329ba71cbe5fdf1b41,V4-ClassGC,20,25,103,4096,4,1,1,109656200,1300992,11005.389020,15741624,93914576,0.143554,93886820,4380056,11361568,27756,11361568,27756,0,0,5401092,218316456,8075400,8071308,0,18,18,0.32828436156794205,2.0401723568753978,418.3052062988281,-319796,PASS,14.355434530833643,PASS,PASS,RAW_JSON,fio-3.16,PASS,v4_validation_matrix_20260902_144410_KST/runs/A2_zipf099_1800_classgc/attempt_01/fio_raw.json,953b258d58e3b8721a6bd34bdbc0909c5c590e588107172bd86140d314b5957d,bc3e58494cb64b212fa8590d8efd91b914926a674fb5a579379575f30e4c47d0,7,121,1290,19038,5401092,218316456,4186.893023,11467.404980,0.744452,0.300085,6.345926800472255,93.65407319952774,74.44523301235465,30.0085145293295,0.1641494051407946,,
3,B1_zipf099_fixed_global,1,B,V4 Global,hotcold/v4,032d29b83e3906593ef9f79e5d2739bdab27ef5e,zipf:0.99,,16G,512,5,20260824,attempt_01,134217728,823252518,957470246,7.133709236979485,58433,435.35977602005005,14088.828538668218,0.14008614874267578,2295.1714613317818,9246.696844,549755813888,3628802,442837553.810954,834666496,1166016512,2021654528,PASS,,,,,4,,,,,,,0,,B1,v4_validation_matrix_20260902_144410_KST/runs/B1_zipf099_fixed_global/attempt_01/stats.txt,10a3170568cf34b6e08a5a2e6de0063ea17174d597e74291ff34bfd70bfebce7,V4,20,25,103,4096,4,1,1,134217728,3739712,14088.828539,17169736,117047992,0.127925,117006480,3319364,13850372,41512,13850372,41512,0,0,4888140,818364378,10062112,10057324,0,4,4,0.14008614876292613,6.133709236979485,512.0,-103974,PASS,12.792450189590454,PASS,PASS,RAW_JSON,fio-3.16,PASS,v4_validation_matrix_20260902_144410_KST/runs/B1_zipf099_fixed_global/attempt_01/fio_raw.json,591daff3244ec502cc75a6264564d414f7dc049cd1e799104f7611b3e1dbd6f5,4fcb0d0ca0db823523347103a1df858b5ce83b21f09fa6175023d66d094282a6,,,,,,,,,,,,,,,,,
4,B2_zipf099_fixed_classgc,1,B,V4 ClassGC,hotcold/v4-classgc,d067a64de2974949807a6a6652cf2a08a76d1c4c,zipf:0.99,,16G,512,5,20260824,attempt_01,134217728,276335831,410553559,3.058862380683422,25039,186.55508756637573,11036.216741882663,0.32640278674316403,5347.783258117337,22250.639746,549755813888,1508021,183984954.022872,400556032,530579456,1266679808,PASS,1410,23629,0.767427,0.300086,18,7,121,0.0546875,1410,0,0,19,PASS,B2,v4_validation_matrix_20260902_144410_KST/runs/B2_zipf099_fixed_classgc/attempt_01/stats.txt,3ecc9320e3a5a79bf9b8b59d08e4d5db4eb92d5b39734f20231f6ac0107c9a79,V4-ClassGC,20,25,103,4096,4,1,1,134217728,1602496,11036.216742,17741004,116476724,0.132181,116436492,3910404,13830600,40232,13830600,40232,0,0,5372760,270963071,9978060,9973092,0,18,18,0.32640278675032575,2.058862380683422,512.0,-314583,PASS,13.218078017234802,PASS,PASS,RAW_JSON,fio-3.16,PASS,v4_validation_matrix_20260902_144410_KST/runs/B2_zipf099_fixed_classgc/attempt_01/fio_raw.json,56a7767124259bfecaabc44ef4e7c66461bd8232f9acc4049fa86b65bc4285b6,4fcb0d0ca0db823523347103a1df858b5ce83b21f09fa6175023d66d094282a6,7,121,1410,23629,5372760,270963071,3810.468085,11467.394769,0.767427,0.300086,5.631215304125564,94.36878469587444,76.74274850398936,30.00857684851308,0.14156103134155273,,
5,C1_zipf099_3600_classgc_noage,1,C,V4 ClassGC without age,hotcold/v4-classgc-noage,ea289e975127f2e63e510c0ce4ed22081ffec293,zipf:0.99,1800,,,5,20260824,attempt_01,159814972,329434190,489249162,3.0613474812610173,29842,186.72843743325876,11039.279874003083,0.3262158280029297,5344.720125996917,22192.344331,654602125312,1800339,184559953.81818,400556032,675282944,1249902592,PASS,1661,28181,0.769579,0.300084,18,7,121,0.0546875,1661,0,0,35,PASS,C1,v4_validation_matrix_20260902_144410_KST/runs/C1_zipf099_3600_classgc_noage/attempt_01/stats.txt,f21c36faf2550f0c1909d7d61b5cf12bdf4973af1ff3a280fae280766af09c3d,V4-ClassGC,20,25,103,4096,4,1,1,159814972,1909888,11039.279874,20956060,138858912,0.131127,138810860,4487324,16468736,48052,16468736,48052,0,0,6270636,323163554,11898704,11895172,0,18,18,0.3262158280027415,2.0613474812610173,609.6457366943359,-317834,PASS,13.112701355665225,PASS,PASS,RAW_JSON,fio-3.16,PASS,v4_validation_matrix_20260902_144410_KST/runs/C1_zipf099_3600_classgc_noage/attempt_01/fio_raw.json,b714a02d306e05693114be30e731e0d31d62f7e17d53c9f9f5923de4d60a693b,bc3e58494cb64b212fa8590d8efd91b914926a674fb5a579379575f30e4c47d0,7,121,1661,28181,6270636,323163554,3775.217339,11467.426777,0.769579,0.300084,5.565980832383889,94.43401916761611,76.95790198393287,30.008381488608237,0.21900326084592375,,
6,D1_uniform_1800_global,2,D,V4 Global,hotcold/v4,032d29b83e3906593ef9f79e5d2739bdab27ef5e,uniform,1800,,,5,20260824,attempt_01,59441268,414149890,473591158,7.967379800848125,28900,486.19420433628704,14330.446020761246,0.12533898797607423,2053.5539792387535,8253.08151,243471433728,1800578,496276425.202166,918552576,1736441856,3003121664,PASS,,,,,4,,,,,,,0,,D1,v4_validation_matrix_20260902_144410_KST/runs/D1_uniform_1800_global/attempt_01/stats.txt,a64250e7f2b9c1331be45dbca9ee921b34c493990c6b2264ef90fd3185f436a6,V4,20,25,103,4096,4,1,1,59441268,1849600,14330.446021,178684,59262584,0.003006,59262584,0,178684,0,178684,0,0,0,56732,414093158,178456,174372,0,4,4,0.12533898799064658,6.967379800848125,226.7504425048828,-93558,PASS,0.3006059695765575,PASS,PASS,RAW_JSON,fio-3.16,PASS,v4_validation_matrix_20260902_144410_KST/runs/D1_uniform_1800_global/attempt_01/fio_raw.json,35ce40d626c60303fad0ffb34b79c364bdcc134adf789b9cb0e4ade0d2444fea,5dd1e48f43bdf9697ade6803409acc4b075d86aeaf427608719d68304c379976,,,,,,,,,,,,,,,,,
7,D2_uniform_1800_classgc,2,D,V4 ClassGC,hotcold/v4-classgc,d067a64de2974949807a6a6652cf2a08a76d1c4c,uniform,1800,,,5,20260824,attempt_01,141644864,328917854,470562718,3.3221304656694084,28705,202.65471821131473,11458.556140045288,0.3006252355957031,4925.443859954712,19670.395266,580177362944,1800229,208220026.743982,530579456,1468006400,2264924160,PASS,33,28672,0.754321,0.300103,18,7,121,0.0546875,33,0,0,13,PASS,D2,v4_validation_matrix_20260902_144410_KST/runs/D2_uniform_1800_classgc/attempt_01/stats.txt,cfa994bcd3d1503acd2096864a6db65940bf9275a4c250bb4d3c8caf6c38425d,V4-ClassGC,20,25,103,4096,4,1,1,141644864,1837120,11458.556140,423912,141220952,0.002993,141220952,0,423912,0,423912,0,0,0,132832,328785022,423260,419124,0,18,18,0.30062523559293897,2.3221304656694084,540.332275390625,-259998,PASS,0.2992780592454097,PASS,PASS,RAW_JSON,fio-3.16,PASS,v4_validation_matrix_20260902_144410_KST/runs/D2_uniform_1800_classgc/attempt_01/fio_raw.json,a0173cac475202f44ba4d7b66115dd80f66d7bc14313d151e39be95b624ce0e8,5dd1e48f43bdf9697ade6803409acc4b075d86aeaf427608719d68304c379976,7,121,33,28672,132832,328785022,4025.212121,11467.111537,0.754321,0.300103,0.11496255007838356,99.88503744992161,75.43205492424244,30.01030555793217,0.09177883075238083,,
8,E1_zipf070_1800_global,2,E,V4 Global,hotcold/v4,032d29b83e3906593ef9f79e5d2739bdab27ef5e,zipf:0.7,1800,,,5,20260824,attempt_01,59781972,414655135,474437107,7.936123401884434,28951,484.2764303593063,14322.653276225346,0.12581461938476568,2061.3467237746536,8300.128177,244866957312,1800634,493453027.801844,1266679808,1686110208,3103784960,PASS,,,,,4,,,,,,,0,,E1,v4_validation_matrix_20260902_144410_KST/runs/E1_zipf070_1800_global/attempt_01/stats.txt,4a0081299f688dfae3681af369f8182f915d2c23443a0c06cd4726374d038c42,V4,20,25,103,4096,4,1,1,59781972,1852864,14322.653276,452964,59329008,0.007577,59328980,1248,451716,28,451716,28,0,0,145312,414509823,435184,431060,0,4,4,0.12581461937101157,6.936123401884434,228.0501251220703,-103923,PASS,0.757693305935107,PASS,PASS,RAW_JSON,fio-3.16,PASS,v4_validation_matrix_20260902_144410_KST/runs/E1_zipf070_1800_global/attempt_01/fio_raw.json,a816c6a66f5a44543d9356b8c57ae6f352789861265f0d80d0e5adae5d2cd0ab,52a673a2e6298f1695fc5b8f53d10d178296d9a1d5bdc1a6e6a1f9e56aed03fc,,,,,,,,,,,,,,,,,
9,E2_zipf070_1800_classgc,2,E,V4 ClassGC,hotcold/v4-classgc,d067a64de2974949807a6a6652cf2a08a76d1c4c,zipf:0.7,1800,,,5,20260824,attempt_01,147148488,340352166,487500654,3.3129844596160583,29739,202.1019747073446,11444.640572984968,0.30147457440185543,4939.3594270150315,20434.565391,602720206848,1800240,200437043.824756,425721856,675282944,1484783616,PASS,91,29648,0.749402,0.3001,18,7,121,0.0546875,91,0,0,13,PASS,E2,v4_validation_matrix_20260902_144410_KST/runs/E2_zipf070_1800_classgc/attempt_01/stats.txt,1566764809fe1d827aa62d88c3cefb785b19f72d226e861faa25ca995939b8c6,V4-ClassGC,20,25,103,4096,4,1,1,147148488,1903296,11444.640573,1127760,146020728,0.007664,146020672,3452,1124308,56,1124308,56,0,0,373628,339978538,1082188,1077884,0,18,18,0.3014745744027729,2.3129844596160583,561.3269348144531,-256878,PASS,0.7664095060222433,PASS,PASS,RAW_JSON,fio-3.16,PASS,v4_validation_matrix_20260902_144410_KST/runs/E2_zipf070_1800_classgc/attempt_01/fio_raw.json,7ba1cbfc699e7a551bef50efe12b6e57ef3933736efb6c362a449f5b62721c37,52a673a2e6298f1695fc5b8f53d10d178296d9a1d5bdc1a6e6a1f9e56aed03fc,7,121,91,29648,373628,339978538,4105.802198,11467.166015,0.749402,0.300100,0.3059954941322842,99.69400450586771,74.94017213255495,30.00997305559713,0.08834613373669188,,
10,F1_zipf120_1800_global,2,F,V4 Global,hotcold/v4,032d29b83e3906593ef9f79e5d2739bdab27ef5e,zipf:1.2,1800,,,5,20260824,attempt_01,88600636,389874613,478475249,5.400359078686523,29196,329.52359393898706,13353.699582134539,0.18495485949707036,3030.300417865461,12303.333596,362908205056,1800338,332895866.107467,658505728,876609536,2164260864,PASS,,,,,4,,,,,,,0,,F1,v4_validation_matrix_20260902_144410_KST/runs/F1_zipf120_1800_global/attempt_01/stats.txt,22bbc940cbc74f938c7928fe6302c0e21691eab8e0bfa78a06720638eafc2405,V4,20,25,103,4096,4,1,1,88600636,1868544,13353.699582,33572677,55027959,0.378921,54829016,16262380,17310297,198943,17310297,198943,0,0,6895571,382979042,11300339,11297563,0,4,4,0.1849548594888587,4.400359078686523,337.98460388183594,-127985,PASS,37.89213996161382,PASS,PASS,RAW_JSON,fio-3.16,PASS,v4_validation_matrix_20260902_144410_KST/runs/F1_zipf120_1800_global/attempt_01/fio_raw.json,c4d43c9a2e0881f6169db307382fc4c60719e99b413e33be9de038638a752acd,607b2b03c88c96509ebc61a9d0e599edcf580e99d49af4b8154effc64d1ab4c4,,,,,,,,,,,,,,,,,
11,F2_zipf120_1800_classgc,2,F,V4 ClassGC,hotcold/v4-classgc,d067a64de2974949807a6a6652cf2a08a76d1c4c,zipf:1.2,1800,,,5,20260824,attempt_01,195989740,296371108,492360848,2.5121766476143086,30030,153.2223064329796,9869.167765567765,0.39763380334472653,6514.832234432235,27217.168266,802773975040,1800240,150482216.000756,341835776,599785472,1333788672,PASS,5660,24370,0.817595,0.300097,18,7,121,0.0546875,5660,0,0,35,PASS,F2,v4_validation_matrix_20260902_144410_KST/runs/F2_zipf120_1800_classgc/attempt_01/stats.txt,95a7a668510e6e97ebc28a50082ff6990cb8f5a54d9bfab08e1d6cb31694c9bf,V4-ClassGC,20,25,103,4096,4,1,1,195989740,1921920,9869.167766,75829205,120160535,0.386904,119842020,38143352,37685853,318515,37685853,318515,0,0,16915067,279456041,24555891,24552951,0,18,18,0.3976338033711081,1.5121766476143088,747.6415252685547,-349328,PASS,38.69039522170905,PASS,PASS,RAW_JSON,fio-3.16,PASS,v4_validation_matrix_20260902_144410_KST/runs/F2_zipf120_1800_classgc/attempt_01/fio_raw.json,afc14c28215a4afad0a1950bcfb5ea7204809c9d053bbd9779bde598dac9e46d,607b2b03c88c96509ebc61a9d0e599edcf580e99d49af4b8154effc64d1ab4c4,7,121,5660,24370,16915067,279456041,2988.527739,11467.215470,0.817595,0.300097,18.847818847818846,81.15218115218116,81.75947425222229,30.00967120459005,0.17858077672841446,,
12,G1_zipf120_1800_classgc_noage,2,G,V4 ClassGC without age,hotcold/v4-classgc-noage,ea289e975127f2e63e510c0ce4ed22081ffec293,zipf:1.2,1800,,,5,20260824,attempt_01,196205604,297537107,493742711,2.5164557022540497,30113,153.47675798291672,9880.686314880617,0.39693076690673823,6503.313685119383,27248.628719,803658153984,1800142,150306086.237861,333447168,438304768,1233125376,PASS,5576,24537,0.823196,0.300063,18,7,121,0.0546875,5576,0,0,94,PASS,G1,v4_validation_matrix_20260902_144410_KST/runs/G1_zipf120_1800_classgc_noage/attempt_01/stats.txt,bc89b08df9c5ec1a1c4e326bd16a23f3874e188dc7aad32c379058188e1b85e8,V4-ClassGC,20,25,103,4096,4,1,1,196205604,1927232,9880.686315,75213086,120992518,0.383338,120660436,37181896,38031190,332082,38031190,332082,0,0,16152354,281384753,24804413,24801241,0,18,18,0.39693076691402485,1.5164557022540497,748.4649810791016,-371319,PASS,38.33381130133266,PASS,PASS,RAW_JSON,fio-3.16,PASS,v4_validation_matrix_20260902_144410_KST/runs/G1_zipf120_1800_classgc_noage/attempt_01/fio_raw.json,3dba692b99a0d8d37096f44fe1c332bc159f7e9cb3ab609a1ca075f399c84da7,607b2b03c88c96509ebc61a9d0e599edcf580e99d49af4b8154effc64d1ab4c4,7,121,5576,24537,16152354,281384753,2896.763630,11467.773281,0.823196,0.300063,18.516919602829343,81.48308039717065,82.31955792332654,30.00626659443837,0.4790892720882733,,
13,T1_uniform_1800_classgc_threshold_off,2,H,V4 ClassGC threshold-off,hotcold/v4-classgc-threshold-off,fd5967d4bfa8da8f5e374028e6acbce1c6537de5,uniform,1800,,,5,20260824,attempt_01,57276852,399050391,456327243,7.967044749596225,27846,486.1649868606606,14330.61807800043,0.12532848645019534,2053.3819219995694,7952.648594,234605985792.0,1800559.0,514974798.014506,1216348160.0,2499805184.0,3841982464.0,PASS,13,27833,0.752648,0.125035,4,21,107,0.1640625,13,0,0,0,PASS,T1,v4_classgc_threshold_off_20260903_001558_KST/runs/T1_uniform_1800_classgc_threshold_off/attempt_01/host_femu.log,6d63ebac3827adc8fbf12346bbee0b5cae81e70f161f58ba13c52e170eb6a0c5,V4-ClassGC,20,25,103,4096,4,1,1,57276852,1782144,14330.618078,171024,57105828,0.002986,57105828,0,171024,0,171024,0,0,0,52684,398997707,170776,166520,0,4,4,0.12532848645016903,6.967044749596225,218.4938507080078,-98379,PASS,0.29859182903417947,MISSING; commit from archived summary,MISSING,ARCHIVED_SUMMARY_ONLY,,NOT_REVERIFIED,,,,21,107,13,27833,52684,398997707,4052.615385,14335.418640,0.752648,0.125035,0.04668534080298786,99.953314659197,75.26479867788461,12.503548341405102,0.0,,
14,T2_zipf120_1800_classgc_threshold_off,2,I,V4 ClassGC threshold-off,hotcold/v4-classgc-threshold-off,fd5967d4bfa8da8f5e374028e6acbce1c6537de5,zipf:1.2,1800,,,5,20260824,attempt_03,88810168,385886031,474696199,5.345065882546241,28966,326.1563473227525,13322.03379824622,0.1868875855712891,3061.9662017537794,12331.799626,363766448128,1800430,332078596.508315,666894336,1010827264,1669332992,PASS,2570,26396,0.818978,0.125345,4,21,107,0.1640625,2570,0,0,0,PASS,T2,v4_classgc_threshold_off_20260903_001558_KST/runs/T2_zipf120_1800_classgc_threshold_off/attempt_03/stats.txt,a632837c50e91e0d603daf1ff658003b75d4d01fed0f67a813d342e86a6c23b3,V4-ClassGC,20,25,103,4096,4,1,1,88810168,1853824,13322.033798,34495357,54314811,0.388417,54148072,17578704,16916653,166739,16916653,166739,0,0,7622271,378263760,11009019,11005911,0,4,4,0.18688758555626095,4.345065882546241,338.7839050292969,-117255,PASS,38.841675200974734,PASS,PASS,RAW_JSON,fio-3.16,PASS,v4_classgc_threshold_off_20260903_001558_KST/runs/T2_zipf120_1800_classgc_threshold_off/attempt_03/fio_raw.json,9837230c8b23d2964755632516bd9a9c05f57b17fe6fb529fee1000c161e9a6f,607b2b03c88c96509ebc61a9d0e599edcf580e99d49af4b8154effc64d1ab4c4,21,107,2570,26396,7622271,378263760,2965.864202,14330.343992,0.818978,0.125345,8.872471173099497,91.1275288269005,81.89780149942243,12.534521536170251,0.0,,
1,H1_baseline_uniform_1800,,,Baseline,hotcold/base,c0237bb12f183d87ea1abf2bf52e92f900f6c587,uniform,1800,,,,,attempt_01,59029232,412474610,471503842,7.9876330086761085,28773,487.4364619888668,14335.474576860252,,2048.5254231397485,8195.981903,241783734272,1800554,499715905.999883,994050048,1702887424,2634022912,PASS,,,,,,,,,,,,,,H1,baseline_separation_skew_20260903_174617_KST/runs/H1_baseline_uniform_1800/attempt_01/stats.txt,f6e0d6840a5da427e409c59900ac86ac9ed1087291792aa7cc834ddaed42065f,BASELINE,,,,,,,,,1841472,14335.474577,,,,,,,,,,,,,,,,,,,0.1250320692834319,6.9876330086761085,225.17864990234375,-87010,PASS,,PASS,PASS,RAW_JSON,fio-3.16,PASS,baseline_separation_skew_20260903_174617_KST/runs/H1_baseline_uniform_1800/attempt_01/fio_raw.json,ab02e6db83712274d3f20baa412297b1410238cba49df7970a3e1c6645c03bf9,5dd1e48f43bdf9697ade6803409acc4b075d86aeaf427608719d68304c379976,,,,,,,,,,,,,,,,D1_uniform_1800_global,../v4_validation_matrix_20260902_144410_KST
2,H2_baseline_zipf120_1800,,,Baseline,hotcold/base,c0237bb12f183d87ea1abf2bf52e92f900f6c587,zipf:1.2,1800,,,,,attempt_01,62087968,412783050,474871018,7.648358181089129,28976,466.69267707392197,14245.687810601878,,2138.3121893981224,8621.733868,254312316928,1800333,475049446.753556,801112064,985661440,1233125376,PASS,,,,,,,,,,,,,,H2,baseline_separation_skew_20260903_174617_KST/runs/H2_baseline_zipf120_1800/attempt_01/stats.txt,a0180057e20f7eb1fae2c43f64f8647db4bc0eea0a56c83393668237e87c8da9,BASELINE,,,,,,,,,1854464,14245.687811,,,,,,,,,,,,,,,,,,,0.130512218591194,6.648358181089129,236.8468017578125,-128234,PASS,,PASS,PASS,RAW_JSON,fio-3.16,PASS,baseline_separation_skew_20260903_174617_KST/runs/H2_baseline_zipf120_1800/attempt_01/fio_raw.json,841c86fee3d185055065eaaf3257181f75b70c31d6edd72bafdc31adfdf5ef96,607b2b03c88c96509ebc61a9d0e599edcf580e99d49af4b8154effc64d1ab4c4,,,,,,,,,,,,,,,,F1_zipf120_1800_global,../v4_validation_matrix_20260902_144410_KST
