code,raw_stats_path,stats_sha256,raw_fio_path,fio_sha256,fio_settings_sha256,raw_counter_check,fio_bytes_check,fio_source,manifest_check,source_hash_check,commit
A1,v4_validation_matrix_20260902_144410_KST/runs/A1_zipf099_1800_global/attempt_04/stats.txt,47563c926f5d05ab98a0269571a68ea71b3a6041a9e9a5905d4d6bd97be935d0,v4_validation_matrix_20260902_144410_KST/runs/A1_zipf099_1800_global/attempt_04/fio_raw.json,cdc8ba7e0209b7914dc8cb64248ed4e36e28c6ec1074b2e9f81931aed30a37a2,bc3e58494cb64b212fa8590d8efd91b914926a674fb5a579379575f30e4c47d0,PASS,PASS,RAW_JSON,PASS,PASS,032d29b83e3906593ef9f79e5d2739bdab27ef5e
A2,v4_validation_matrix_20260902_144410_KST/runs/A2_zipf099_1800_classgc/attempt_01/stats.txt,699e9059be1964c4ea5a20212e76797a4d403bdbfb4873329ba71cbe5fdf1b41,v4_validation_matrix_20260902_144410_KST/runs/A2_zipf099_1800_classgc/attempt_01/fio_raw.json,953b258d58e3b8721a6bd34bdbc0909c5c590e588107172bd86140d314b5957d,bc3e58494cb64b212fa8590d8efd91b914926a674fb5a579379575f30e4c47d0,PASS,PASS,RAW_JSON,PASS,PASS,d067a64de2974949807a6a6652cf2a08a76d1c4c
B1,v4_validation_matrix_20260902_144410_KST/runs/B1_zipf099_fixed_global/attempt_01/stats.txt,10a3170568cf34b6e08a5a2e6de0063ea17174d597e74291ff34bfd70bfebce7,v4_validation_matrix_20260902_144410_KST/runs/B1_zipf099_fixed_global/attempt_01/fio_raw.json,591daff3244ec502cc75a6264564d414f7dc049cd1e799104f7611b3e1dbd6f5,4fcb0d0ca0db823523347103a1df858b5ce83b21f09fa6175023d66d094282a6,PASS,PASS,RAW_JSON,PASS,PASS,032d29b83e3906593ef9f79e5d2739bdab27ef5e
B2,v4_validation_matrix_20260902_144410_KST/runs/B2_zipf099_fixed_classgc/attempt_01/stats.txt,3ecc9320e3a5a79bf9b8b59d08e4d5db4eb92d5b39734f20231f6ac0107c9a79,v4_validation_matrix_20260902_144410_KST/runs/B2_zipf099_fixed_classgc/attempt_01/fio_raw.json,56a7767124259bfecaabc44ef4e7c66461bd8232f9acc4049fa86b65bc4285b6,4fcb0d0ca0db823523347103a1df858b5ce83b21f09fa6175023d66d094282a6,PASS,PASS,RAW_JSON,PASS,PASS,d067a64de2974949807a6a6652cf2a08a76d1c4c
C1,v4_validation_matrix_20260902_144410_KST/runs/C1_zipf099_3600_classgc_noage/attempt_01/stats.txt,f21c36faf2550f0c1909d7d61b5cf12bdf4973af1ff3a280fae280766af09c3d,v4_validation_matrix_20260902_144410_KST/runs/C1_zipf099_3600_classgc_noage/attempt_01/fio_raw.json,b714a02d306e05693114be30e731e0d31d62f7e17d53c9f9f5923de4d60a693b,bc3e58494cb64b212fa8590d8efd91b914926a674fb5a579379575f30e4c47d0,PASS,PASS,RAW_JSON,PASS,PASS,ea289e975127f2e63e510c0ce4ed22081ffec293
D1,v4_validation_matrix_20260902_144410_KST/runs/D1_uniform_1800_global/attempt_01/stats.txt,a64250e7f2b9c1331be45dbca9ee921b34c493990c6b2264ef90fd3185f436a6,v4_validation_matrix_20260902_144410_KST/runs/D1_uniform_1800_global/attempt_01/fio_raw.json,35ce40d626c60303fad0ffb34b79c364bdcc134adf789b9cb0e4ade0d2444fea,5dd1e48f43bdf9697ade6803409acc4b075d86aeaf427608719d68304c379976,PASS,PASS,RAW_JSON,PASS,PASS,032d29b83e3906593ef9f79e5d2739bdab27ef5e
D2,v4_validation_matrix_20260902_144410_KST/runs/D2_uniform_1800_classgc/attempt_01/stats.txt,cfa994bcd3d1503acd2096864a6db65940bf9275a4c250bb4d3c8caf6c38425d,v4_validation_matrix_20260902_144410_KST/runs/D2_uniform_1800_classgc/attempt_01/fio_raw.json,a0173cac475202f44ba4d7b66115dd80f66d7bc14313d151e39be95b624ce0e8,5dd1e48f43bdf9697ade6803409acc4b075d86aeaf427608719d68304c379976,PASS,PASS,RAW_JSON,PASS,PASS,d067a64de2974949807a6a6652cf2a08a76d1c4c
E1,v4_validation_matrix_20260902_144410_KST/runs/E1_zipf070_1800_global/attempt_01/stats.txt,4a0081299f688dfae3681af369f8182f915d2c23443a0c06cd4726374d038c42,v4_validation_matrix_20260902_144410_KST/runs/E1_zipf070_1800_global/attempt_01/fio_raw.json,a816c6a66f5a44543d9356b8c57ae6f352789861265f0d80d0e5adae5d2cd0ab,52a673a2e6298f1695fc5b8f53d10d178296d9a1d5bdc1a6e6a1f9e56aed03fc,PASS,PASS,RAW_JSON,PASS,PASS,032d29b83e3906593ef9f79e5d2739bdab27ef5e
E2,v4_validation_matrix_20260902_144410_KST/runs/E2_zipf070_1800_classgc/attempt_01/stats.txt,1566764809fe1d827aa62d88c3cefb785b19f72d226e861faa25ca995939b8c6,v4_validation_matrix_20260902_144410_KST/runs/E2_zipf070_1800_classgc/attempt_01/fio_raw.json,7ba1cbfc699e7a551bef50efe12b6e57ef3933736efb6c362a449f5b62721c37,52a673a2e6298f1695fc5b8f53d10d178296d9a1d5bdc1a6e6a1f9e56aed03fc,PASS,PASS,RAW_JSON,PASS,PASS,d067a64de2974949807a6a6652cf2a08a76d1c4c
F1,v4_validation_matrix_20260902_144410_KST/runs/F1_zipf120_1800_global/attempt_01/stats.txt,22bbc940cbc74f938c7928fe6302c0e21691eab8e0bfa78a06720638eafc2405,v4_validation_matrix_20260902_144410_KST/runs/F1_zipf120_1800_global/attempt_01/fio_raw.json,c4d43c9a2e0881f6169db307382fc4c60719e99b413e33be9de038638a752acd,607b2b03c88c96509ebc61a9d0e599edcf580e99d49af4b8154effc64d1ab4c4,PASS,PASS,RAW_JSON,PASS,PASS,032d29b83e3906593ef9f79e5d2739bdab27ef5e
F2,v4_validation_matrix_20260902_144410_KST/runs/F2_zipf120_1800_classgc/attempt_01/stats.txt,95a7a668510e6e97ebc28a50082ff6990cb8f5a54d9bfab08e1d6cb31694c9bf,v4_validation_matrix_20260902_144410_KST/runs/F2_zipf120_1800_classgc/attempt_01/fio_raw.json,afc14c28215a4afad0a1950bcfb5ea7204809c9d053bbd9779bde598dac9e46d,607b2b03c88c96509ebc61a9d0e599edcf580e99d49af4b8154effc64d1ab4c4,PASS,PASS,RAW_JSON,PASS,PASS,d067a64de2974949807a6a6652cf2a08a76d1c4c
G1,v4_validation_matrix_20260902_144410_KST/runs/G1_zipf120_1800_classgc_noage/attempt_01/stats.txt,bc89b08df9c5ec1a1c4e326bd16a23f3874e188dc7aad32c379058188e1b85e8,v4_validation_matrix_20260902_144410_KST/runs/G1_zipf120_1800_classgc_noage/attempt_01/fio_raw.json,3dba692b99a0d8d37096f44fe1c332bc159f7e9cb3ab609a1ca075f399c84da7,607b2b03c88c96509ebc61a9d0e599edcf580e99d49af4b8154effc64d1ab4c4,PASS,PASS,RAW_JSON,PASS,PASS,ea289e975127f2e63e510c0ce4ed22081ffec293
T1,v4_classgc_threshold_off_20260903_001558_KST/runs/T1_uniform_1800_classgc_threshold_off/attempt_01/host_femu.log,6d63ebac3827adc8fbf12346bbee0b5cae81e70f161f58ba13c52e170eb6a0c5,,,,PASS,NOT_REVERIFIED,ARCHIVED_SUMMARY_ONLY,MISSING; commit from archived summary,MISSING,fd5967d4bfa8da8f5e374028e6acbce1c6537de5
T2,v4_classgc_threshold_off_20260903_001558_KST/runs/T2_zipf120_1800_classgc_threshold_off/attempt_03/stats.txt,a632837c50e91e0d603daf1ff658003b75d4d01fed0f67a813d342e86a6c23b3,v4_classgc_threshold_off_20260903_001558_KST/runs/T2_zipf120_1800_classgc_threshold_off/attempt_03/fio_raw.json,9837230c8b23d2964755632516bd9a9c05f57b17fe6fb529fee1000c161e9a6f,607b2b03c88c96509ebc61a9d0e599edcf580e99d49af4b8154effc64d1ab4c4,PASS,PASS,RAW_JSON,PASS,PASS,fd5967d4bfa8da8f5e374028e6acbce1c6537de5
H1,baseline_separation_skew_20260903_174617_KST/runs/H1_baseline_uniform_1800/attempt_01/stats.txt,f6e0d6840a5da427e409c59900ac86ac9ed1087291792aa7cc834ddaed42065f,baseline_separation_skew_20260903_174617_KST/runs/H1_baseline_uniform_1800/attempt_01/fio_raw.json,ab02e6db83712274d3f20baa412297b1410238cba49df7970a3e1c6645c03bf9,5dd1e48f43bdf9697ade6803409acc4b075d86aeaf427608719d68304c379976,PASS,PASS,RAW_JSON,PASS,PASS,c0237bb12f183d87ea1abf2bf52e92f900f6c587
H2,baseline_separation_skew_20260903_174617_KST/runs/H2_baseline_zipf120_1800/attempt_01/stats.txt,a0180057e20f7eb1fae2c43f64f8647db4bc0eea0a56c83393668237e87c8da9,baseline_separation_skew_20260903_174617_KST/runs/H2_baseline_zipf120_1800/attempt_01/fio_raw.json,841c86fee3d185055065eaaf3257181f75b70c31d6edd72bafdc31adfdf5ef96,607b2b03c88c96509ebc61a9d0e599edcf580e99d49af4b8154effc64d1ab4c4,PASS,PASS,RAW_JSON,PASS,PASS,c0237bb12f183d87ea1abf2bf52e92f900f6c587
L1,v4_global_vs_classgc_20260901_181151_KST/final_global/host_femu.log,47058e0ce4627d70fcb62892e9c707d58e48bd79cdc5dba5560d53904bf1b21f,,,,PASS,NOT_JSON_VERIFIED,LEGACY_TEXT,PASS,MISSING,032d29b83e3906593ef9f79e5d2739bdab27ef5e
L2,v4_global_vs_classgc_20260901_181151_KST/final_classgc/host_femu.log,63174b40498e97b70bbea7bc33c97d7c25eebdaec3bfc953ead650c505cdf42d,,,,PASS,NOT_JSON_VERIFIED,LEGACY_TEXT,PASS,MISSING,c277fbcc99c016db265674cac7ce81c98addbdfc
