comparison,reference,variant,waf_delta,waf_change_percent,gc_per_1m_host_pages_delta,gc_per_1m_host_pages_change_percent,avg_gc_copy_delta,avg_gc_copy_change_percent,reclaim_pages_per_gc_delta,reclaim_pages_per_gc_change_percent,host_page_writes_delta,host_page_writes_change_percent,iops_delta,iops_change_percent,invalid_delta_pp
uniform_separation,H1,D1,-0.020253207827983566,-0.2535570651028274,-1.2422576525797808,-0.25485529898831016,-5.028556099005073,-0.03507770930110121,5.028556099005073,0.2454719888854484,412036.0,0.698020262232113,57.099607000000105,0.6966780512180026,0.030691870721466508
zipf120_separation,H2,F1,-2.2479991024026056,-29.391917182446726,-137.1690831349349,-29.391736762393627,-891.9882284673386,-6.261461294999782,891.9882284673386,41.714593074382144,26512668.0,42.701780802360936,3681.599728000001,42.70138448212191,5.44426408976647
uniform_classgc,D1,D2,-4.6452493351787165,-58.30335005096947,-283.5394861249723,-58.31815426760125,-2871.8898807159585,-20.040477990394056,2871.8898807159585,139.8497390256359,82203596.0,138.2938129785522,11417.313756,138.34000963356533,17.52862476022924
zipf120_classgc,F1,F2,-2.8881824310722144,-53.48130353907279,-176.30128750600747,-53.501870806449915,-3484.531816566774,-26.094130657459235,3484.531816566774,114.9896490797857,107389104.0,121.20579360175245,14913.83467,121.21783542347183,21.26789438822494
uniform_threshold_relaxation,D2,T1,4.644914283926816,139.81733504830513,283.51026864934585,139.89818305326617,2872.0619379551426,25.064780438766455,-2872.0619379551426,-58.310723248839345,-84368012.0,-59.56305764817564,-11717.746672,-59.57046878592196,-17.529674914276995
zipf120_threshold_relaxation,F2,T2,2.832889234931933,112.76632308568706,172.9340408897729,112.86479424287701,3452.8660326784557,34.986395152031506,-3452.8660326784557,-53.00007595635916,-107179572.0,-54.68631776336863,-14885.36864,-54.691099729853136,-21.074621781484716
zipf099_noage,A2,C1,0.021175124385619526,0.6965106546584998,1.34904256092139,0.7277197996305995,33.89085393224559,0.30794780512017894,-33.89085393224559,-0.6301042045746108,50158772.0,45.7418477021819,6964.330035000001,45.733671505872884,-0.20685335652005366
zipf120_noage,F2,G1,0.004279054639741098,0.17033255379572676,0.25445154993713004,0.16606691013911767,11.518549312851974,0.11671246843161232,-11.518549312851974,-0.17680500277464928,215864.0,0.11014045939343742,31.46045299999969,0.11559047103111286,-0.07030364570832504
fixed_write,B1,B2,-4.0748468562960625,-57.12101125699106,-248.80468845367432,-57.14921362928482,-3052.6117967855553,-21.66689578489335,3052.6117967855553,133.0014706184202,0.0,0.0,13003.942902,140.63338640152355,18.63166379873996
